Actividad,Precio (Por persona),Confirmacion Inmediata,Cancelacion Gratuita,Valoracion,Nº Opiniones,Link,Fecha consulta
"Visita guiada a los Museos Vaticanos, Capilla Sixtina y Basílica de San Pedro",105,Si,Cancelación gratuita,4.8,3706,https://www.hellotickets.es/italia/roma/visita-guiada-museos-vaticanos-capilla-sixtina-y-basilica-san-pedro/a/pa-295,2024-10-19 21:07:03.018222
Visita guiada de la Basílica de San Pedro y las tumbas de los papas,52,,Cancelación gratuita,,,https://www.hellotickets.es/italia/roma/visita-guiada-basilica-san-pedro/a/pa-1382,2024-10-19 21:07:03.018222
Oferta: Entradas al Coliseo y al Foro Romano + Museos Vaticanos y Capilla Sixtina,90,,No,4.4,2784,https://www.hellotickets.es/italia/roma/entradas-coliseo-vaticano/a/pa-151,2024-10-19 21:07:03.018222
"Visita guiada del Coliseo, el Foro Romano y el Palatino",42,,Cancelación gratuita,4.7,3799,https://www.hellotickets.es/italia/roma/visita-guiada-coliseo-foro-romano-palatino/a/pa-232,2024-10-19 21:07:03.018222
Roma Pass y Omnia Card,149,,Cancelación gratuita,4.5,948,https://www.hellotickets.es/italia/roma/roma-pass-y-omnia-card/a/pa-279,2024-10-19 21:07:03.018222
Visita guiada de la Basílica de San Pedro con subida a la cúpula,49,Si,Cancelación gratuita,4.2,2017,https://www.hellotickets.es/italia/roma/visita-guiada-basilica-san-pedro-con-subida-cupula/a/pa-195,2024-10-19 21:07:03.018222
Visita guiada del Coliseo con acceso a la arena y del Foro Romano,62,Si,No,4.7,837,https://www.hellotickets.es/italia/roma/visita-guiada-coliseo-con-arena/a/pa-278,2024-10-19 21:07:03.018222
Entradas para los Museos Vaticanos y la Capilla Sixtina sin colas,42,Si,No,4.5,5208,https://www.hellotickets.es/italia/roma/entradas-museos-vaticanos-y-capilla-sixtina/a/pa-300,2024-10-19 21:07:03.018222
Visita guiada a la Basílica de San Pedro con grutas subterráneas y cúpula,49,Si,Cancelación gratuita,4.6,908,https://www.hellotickets.es/italia/roma/visita-guiada-basilica-san-pedro-grutas-subterraneas-cupula/a/pa-4678,2024-10-19 21:07:03.018222
"Entradas para el Coliseo, el Foro Romano y el Monte Palatino con autobús turístico",65,Si,No,4.6,2141,https://www.hellotickets.es/italia/roma/entradas-coliseo/a/pa-1713,2024-10-19 21:07:03.018222
Entradas sin colas para los Museos Vaticanos y la Capilla Sixtina,43,Si,No,4.6,773,https://www.hellotickets.es/italia/roma/entradas-museos-vaticanos-sin-colas/a/pa-6679,2024-10-19 21:07:03.018222
Tour del Coliseo con realidad virtual,64,,Cancelación gratuita,4.3,429,https://www.hellotickets.es/italia/roma/tour-autoguiado-coliseo-realidad-virtual/a/pa-171,2024-10-19 21:07:03.018222
Visita guiada al Coliseo con opción de visita a la arena o los subterráneos,89,Si,No,4.6,495,https://www.hellotickets.es/italia/roma/visita-guiada-coliseo-subterrano/a/pa-261,2024-10-19 21:07:03.018222
"Visita guiada al Coliseo con acceso a la arena, Foro Romano y Monte Palatino",109,Si,No,4.8,865,https://www.hellotickets.es/italia/roma/visita-guiada-coliseo-arena-foro-romano-monte-palatino/a/pa-4636,2024-10-19 21:07:03.018222
Autobús turístico City Sightseeing de Roma,26,Si,Cancelación gratuita,4.8,1061,https://www.hellotickets.es/italia/roma/autobus-turistico-city-sightseeing/a/pa-219,2024-10-19 21:07:03.018222
Roma Pass,59,Si,No,4.3,967,https://www.hellotickets.es/italia/roma/roma-pass/a/pa-2261,2024-10-19 21:07:03.018222
"Entradas para el Coliseo, el Foro Romano y el Monte Palatino con experiencia multimedia",30,Si,No,4.7,1129,https://www.hellotickets.es/italia/roma/entradas-coliseo-foro-romano-monte-palatino-experiencia-multimedia/a/pa-4637,2024-10-19 21:07:03.018222
Audiencia Papal en el Vaticano (miércoles),35,Si,Cancelación gratuita,4.3,961,https://www.hellotickets.es/italia/roma/audiencia-papal/a/pa-260,2024-10-19 21:07:03.018222
Excursión a Pompeya y Monte Vesubio desde Roma,119,Si,No,4.4,455,https://www.hellotickets.es/italia/roma/excursion-pompeya-monte-vesubio-desde-roma/a/pa-283,2024-10-19 21:07:03.018222
Visita con audioguía al Panteón de Roma,16,Si,Cancelación gratuita,4.7,452,https://www.hellotickets.es/italia/roma/visita-con-audioguia-panteon/a/pa-238,2024-10-19 21:07:03.018222
Traslado en autobús desde el aeropuerto de Fiumicino en Roma (ida y vuelta),7,Si,Cancelación gratuita,4.7,1270,https://www.hellotickets.es/italia/roma/traslado-autobus-aeropuerto-fiumicino/a/pa-179,2024-10-19 21:07:03.018222
Visita guiada a las catacumbas de San Calixto en Roma,15,Si,No,4.7,458,https://www.hellotickets.es/italia/roma/visita-guiada-catacumbas-san-calixto/a/pa-2248,2024-10-19 21:07:03.018222
Autobús turístico Big Bus de Roma,35,Si,Cancelación gratuita,4.2,667,https://www.hellotickets.es/italia/roma/autobus-turistico-big-bus/a/pa-222,2024-10-19 21:07:03.018222
Visita guiada del Vaticano y la Capilla Sixtina para niños,196,,No,4.7,813,https://www.hellotickets.es/italia/roma/visita-guiada-vaticano-y-capilla-sixtina-para-ninos/a/pa-183,2024-10-19 21:07:03.018222
Entradas para el museo Leonardo da Vinci en Roma,11,,Cancelación gratuita,4.4,447,https://www.hellotickets.es/italia/roma/entradas-museo-leonardo-da-vinci-roma/a/pa-227,2024-10-19 21:07:03.018222
Entradas para el Castillo de Sant'Angelo en Roma,27,Si,Cancelación gratuita,4.7,1205,https://www.hellotickets.es/italia/roma/entradas-castillo-sant-angelo/a/pa-239,2024-10-19 21:07:03.018222
Excursión a Pompeya y Nápoles desde Roma,85,Si,Cancelación gratuita,4.8,1296,https://www.hellotickets.es/italia/roma/excursion-napoles-y-pompeya-desde-roma/a/pa-156,2024-10-19 21:07:03.018222
Consigna de equipaje en la estación de Termini en Roma,9,,Cancelación gratuita,4.3,408,https://www.hellotickets.es/italia/roma/consigna-equipaje-estacion-termini/a/pa-233,2024-10-19 21:07:03.018222
Excursión a Florencia desde Roma,446,Si,Cancelación gratuita,4.4,1525,https://www.hellotickets.es/italia/roma/excursion-florencia-desde-roma/a/pa-294,2024-10-19 21:07:03.018222
"Excursión a Pompeya, Positano y Costa Amalfitana desde Roma",260,,Cancelación gratuita,4,1167,https://www.hellotickets.es/italia/roma/excursion-pompeya-amalfi-y-positano-desde-roma/a/pa-296,2024-10-19 21:07:03.018222
Visita guiada privada de los Museos Vaticanos y la Capilla Sixtina,309,,No,4,552,https://www.hellotickets.es/italia/roma/tour-privado-vaticano/a/pa-196,2024-10-19 21:07:03.018222
Visita guiada al Palacio de Letrán en Roma,18,Si,No,4.5,1037,https://www.hellotickets.es/italia/roma/visita-guiada-palacio-letran/a/pa-2256,2024-10-19 21:07:03.018222
Billetes para el tren Leonardo Express desde Fiumicino al centro de Roma,20,Si,No,4.9,926,https://www.hellotickets.es/italia/roma/billetes-leonardo-express/a/pa-2260,2024-10-19 21:07:03.018222
Excursion a Tivoli: Villa del Este y Villa Adriana,103,,Cancelación gratuita,4.5,709,https://www.hellotickets.es/italia/roma/excursion-villa-este-y-villa-adriana-desde-roma/a/pa-291,2024-10-19 21:07:03.018222
Visita guiada a primera hora del Vaticano y la Capilla Sixtina,76,,Cancelación gratuita,,,https://www.hellotickets.es/italia/roma/visita-guiada-primera-hora-vaticano-y-capilla-sixtina/a/pa-153,2024-10-19 21:07:03.018222
Entradas para Cinecittà World en Roma,27,Si,Cancelación gratuita,4.8,420,https://www.hellotickets.es/italia/roma/entradas-cinecitta-world/a/pa-2249,2024-10-19 21:07:03.018222
Traslado en autobús desde el aeropuerto de Ciampino en Roma (ida y vuelta),6,Si,Cancelación gratuita,4.2,1005,https://www.hellotickets.es/italia/roma/traslado-autobus-aeropuerto-ciampino/a/pa-188,2024-10-19 21:07:03.018222
Entradas para la Galería Borghese,39,Si,Cancelación gratuita,4.5,1230,https://www.hellotickets.es/italia/roma/entradas-galeria-borghese/a/pa-284,2024-10-19 21:07:03.018222
Excursión a Pompeya desde Roma,128,Si,Cancelación gratuita,4.8,509,https://www.hellotickets.es/italia/roma/excursion-pompeya-desde-roma/a/pa-301,2024-10-19 21:07:03.018222
Entradas para el Foro Romano y el Monte Palatino con experiencia multimedia,37,,No,4.7,980,https://www.hellotickets.es/italia/roma/entradas-foro-romano-monte-palatino-experiencia-multimedia/a/pa-4638,2024-10-19 21:07:03.018222
Entradas para el Museo de Cera de Roma,11,Si,Cancelación gratuita,4.5,1268,https://www.hellotickets.es/italia/roma/entradas-museo-cera/a/pa-2253,2024-10-19 21:07:03.018222
Roma Super Pass con transporte público,108,,No,4.5,593,https://www.hellotickets.es/italia/roma/roma-super-pass/a/pa-2262,2024-10-19 21:07:03.018222
Visita guiada a la Galería Borghese,67,Si,No,4.8,1172,https://www.hellotickets.es/italia/roma/visita-guiada-galeria-borghese/a/pa-289,2024-10-19 21:07:03.018222
Excursión a Asís y Orvieto desde Roma con comida incluida,155,,Cancelación gratuita,4.7,1401,https://www.hellotickets.es/italia/roma/excursion-asis-y-orvieto-desde-roma/a/pa-186,2024-10-19 21:07:03.018222
Entradas para Palazzo Merulana en Roma,19,Si,Cancelación gratuita,4.4,910,https://www.hellotickets.es/italia/roma/entradas-palazzo-merulana/a/pa-2251,2024-10-19 21:07:03.018222
Entradas para el Bioparco de Roma,19,Si,No,4.6,1085,https://www.hellotickets.es/italia/roma/entradas-bioparco/a/pa-2247,2024-10-19 21:07:03.018222
Entradas para Archibasílica de San Juan de Letrán en Roma,16,Si,No,4.5,444,https://www.hellotickets.es/italia/roma/entradas-archibasilica-san-juan-letran/a/pa-2252,2024-10-19 21:07:03.018222
Entradas para el Palazzo Doria Pamphili en Roma,28,,Cancelación gratuita,4.4,837,https://www.hellotickets.es/italia/roma/entradas-palazzo-doria-pamphili/a/pa-2250,2024-10-19 21:07:03.018222
Excursión a Villa d'Este y Villa Adriana desde Roma con almuerzo,73,Si,Cancelación gratuita,4.8,1291,https://www.hellotickets.es/italia/roma/excursion-villa-este-y-villa-adriana-desde-roma-con-almuerzo/a/pa-160,2024-10-19 21:07:03.018222
Excursión a Ostia Antica desde Roma,49,Si,No,4.9,725,https://www.hellotickets.es/italia/roma/excursion-ostia-antica-desde-roma/a/pa-281,2024-10-19 21:07:03.018222
Escuela y museo de gladiadores en Roma,130,Si,Cancelación gratuita,4.4,786,https://www.hellotickets.es/italia/roma/escuela-gladiadores/a/pa-2255,2024-10-19 21:07:03.018222
Reserva con menú para el Hard Rock Cafe de Roma,20,Si,Cancelación gratuita,4.3,712,https://www.hellotickets.es/italia/roma/reserva-con-menu-hard-rock-cafe-roma/a/pa-216,2024-10-19 21:07:03.018222
Excursión a Venecia en tren de alta velocidad desde Roma,273,Si,Cancelación gratuita,4.7,1095,https://www.hellotickets.es/italia/roma/excursion-venecia-desde-roma/a/pa-257,2024-10-19 21:07:03.018222
"Tour en bicicleta eléctrica por la Vía Apia de Roma, los acueductos y las catacumbas",77,,Cancelación gratuita,4.5,1004,https://www.hellotickets.es/italia/roma/tour-bicicleta-electrica-via-apia-acueductos-y-catacumbras/a/pa-246,2024-10-19 21:07:03.018222
Visita guiada a la Cripta de los Capuchinos y a las Catacumbas en Roma,56,,Cancelación gratuita,4.9,929,https://www.hellotickets.es/italia/roma/visita-guiada-cripta-capuchinos/a/pa-220,2024-10-19 21:07:03.018222
Excursión a Siena y San Gimignano desde Roma con cata de vino,252,,Cancelación gratuita,4.8,516,https://www.hellotickets.es/italia/roma/excursion-siena-y-san-gimignano/a/pa-221,2024-10-19 21:07:03.018222
Entradas para los Museos Capitolinos de Roma,34,,Cancelación gratuita,4.5,923,https://www.hellotickets.es/italia/roma/entradas-museos-capitolinos/a/pa-248,2024-10-19 21:07:03.018222
Visita guiada al Coliseo y a la arena con entradas para el Foro Romano y el Monte Palatino,89,Si,No,4.7,544,https://www.hellotickets.es/italia/roma/visita-guiada-coliseo-arena-entradas-foro-romano-monte-palatino/a/pa-4635,2024-10-19 21:07:03.018222
Visita guiada en grupo pequeño a la Basílica de San Pedro y su cúpula,47,Si,Cancelación gratuita,,,https://www.hellotickets.es/italia/roma/visita-guiada-grupo-pequeno-basilica-san-pedro-cupula/a/pa-9005,2024-10-19 21:07:03.018222
Entradas para el Museo Leonardo Da Vinci Experience en Roma,15,,Cancelación gratuita,,,https://www.hellotickets.es/italia/roma/entradas-museo-leonardo-da-vinci-experience/a/pa-8999,2024-10-19 21:07:03.018222
Entradas para los subterráneos de Piazza Navona y el Districo de Trevi en Roma,24,,Cancelación gratuita,,,https://www.hellotickets.es/italia/roma/entradas-subterraneos-piazza-navona-trevi/a/pa-8784,2024-10-19 21:07:03.018222
Desayuno junto al Vaticano,8,,Cancelación gratuita,,,https://www.hellotickets.es/italia/roma/desayuno-vaticano/a/pa-8783,2024-10-19 21:07:03.018222
Aperitivo junto al Vaticano,19,,Cancelación gratuita,,,https://www.hellotickets.es/italia/roma/aperitivo-vaticano/a/pa-8782,2024-10-19 21:07:03.018222
Desayuno con vistas en Roma,15,,Cancelación gratuita,,,https://www.hellotickets.es/italia/roma/desayuno/a/pa-8781,2024-10-19 21:07:03.018222
Visita guiada a los Museos Vaticanos,92,,No,,,https://www.hellotickets.es/italia/roma/visita-guiada-museos-vaticanos/a/pa-8780,2024-10-19 21:07:03.018222
Oferta: Entradas para los Museos Vaticanos y el Castillo de Sant'Angelo en Roma,63,,No,,,https://www.hellotickets.es/italia/roma/entradas-museos-vaticanos-castillo-sant-angelo/a/pa-8685,2024-10-19 21:07:03.018222
Almuerzo en los Museos Vaticanos,79,,No,,,https://www.hellotickets.es/italia/roma/almuerzo-museos-vaticanos/a/pa-8684,2024-10-19 21:07:03.018222
Entradas nocturnas para los Museos Vaticanos y la Capilla Sixtina,53,,No,,,https://www.hellotickets.es/italia/roma/entradas-nocturnas-museos-vaticanos-capilla-sixtina/a/pa-8683,2024-10-19 21:07:03.018222
Entradas para los Museos Capitolinos y la Centrale Montemartini en Roma,47,,Cancelación gratuita,,,https://www.hellotickets.es/italia/roma/entradas-museos-capitolinos-centrale-montemartini/a/pa-8681,2024-10-19 21:07:03.018222
Entradas para la cúpula de la Basílica de San Pedro con audioguía,29,Si,Cancelación gratuita,,,https://www.hellotickets.es/italia/roma/entradas-cupula-basilica-san-pedro-audioguia/a/pa-8256,2024-10-19 21:07:03.018222
Traslado de ida en autobús desde el aeropuerto de Fiumicino al centro de Roma,6,Si,No,,,https://www.hellotickets.es/italia/roma/traslado-ida-autobus-aeropuerto-fiumicino-centro/a/pa-8255,2024-10-19 21:07:03.018222
Traslado de ida en autobús desde el centro de Roma al aeropuerto de Fiumicino,6,Si,No,,,https://www.hellotickets.es/italia/roma/traslado-ida-autobus-aeropuerto-centro-fiumicino/a/pa-8254,2024-10-19 21:07:03.018222
Tour guiado por Roma con entradas para el Coliseo,35,,No,,,https://www.hellotickets.es/italia/roma/tour-guiado-entradas-coliseo/a/pa-8247,2024-10-19 21:07:03.018222
Visita guiada al Vaticano y a la Capilla Sixtina en grupos pequeños,88,Si,Cancelación gratuita,,,https://www.hellotickets.es/italia/roma/visita-guiada-vaticano-capilla-grupo-pequeno/a/pa-8246,2024-10-19 21:07:03.018222
Visita guiada a la Basílica de San Pedro y a los Museos Vaticanos,87,,Cancelación gratuita,,,https://www.hellotickets.es/italia/roma/visita-guiada-basilica-san-pedro-museos-vaticanos/a/pa-8245,2024-10-19 21:07:03.018222
Visita guiada a los Museos Vaticanos y a la Basílica de San Pedro,115,Si,No,,,https://www.hellotickets.es/italia/roma/visita-guiada-museos-vaticanos-basilica-san-pedro/a/pa-8244,2024-10-19 21:07:03.018222
Rome Explorer Pass,90,,Cancelación gratuita,,,https://www.hellotickets.es/italia/roma/rome-explorer-pass/a/pa-8159,2024-10-19 21:07:03.018222
Excursión a Ostia Antica desde Roma en tren,50,,Cancelación gratuita,4.7,440,https://www.hellotickets.es/italia/roma/excursion-ostia-antica-tren/a/pa-6714,2024-10-19 21:07:03.018222
Traslado en taxi a Ostia Antica desde Roma,150,Si,Cancelación gratuita,4.6,777,https://www.hellotickets.es/italia/roma/traslado-taxi-ostia-antica/a/pa-6713,2024-10-19 21:07:03.018222
"Excursión de 5 días desde Roma por lo mejor de Italia: Asís, Siena, Florencia, Venecia y más",639,,Cancelación gratuita,4.5,429,https://www.hellotickets.es/italia/roma/excursion-5-dias-italia/a/pa-6712,2024-10-19 21:07:03.018222
Excursión a Venecia desde Roma en tren de alta velocidad,273,Si,No,4.9,1552,https://www.hellotickets.es/italia/roma/excursion-venecia-tren-alta-velocidad/a/pa-6711,2024-10-19 21:07:03.018222
"Tour privado en bicicleta por la Vía Apia, los acueductos y las catacumbas",68,Si,Cancelación gratuita,4.7,448,https://www.hellotickets.es/italia/roma/tour-privado-bicicleta-via-apia-catacumbas/a/pa-6710,2024-10-19 21:07:03.018222
Tour guiado por las catacumbas y la capilla de los huesos después del cierre,96,Si,Cancelación gratuita,4.5,1100,https://www.hellotickets.es/italia/roma/tour-catacumbas-despues-cierre/a/pa-6709,2024-10-19 21:07:03.018222
Visita guiada a la Vía Apia y a las catacumbas de San Calixto,75,Si,Cancelación gratuita,4.8,700,https://www.hellotickets.es/italia/roma/visita-guiada-via-apia-catacumbas-san-calixto/a/pa-6708,2024-10-19 21:07:03.018222
Tour en bicicleta por las catacumbas de San Calixto o San Sebastián,85,Si,Cancelación gratuita,4.7,956,https://www.hellotickets.es/italia/roma/tour-bicicleta-catacumbas/a/pa-6707,2024-10-19 21:07:03.018222
Visita guiada a las catacumbas de los Santos Marcelino y Pedro,15,Si,No,4.6,759,https://www.hellotickets.es/italia/roma/visita-guiada-catacumbas-santos-marcelino-pedro/a/pa-6706,2024-10-19 21:07:03.018222
Visita guiada a las catacumbas de Santa Inés,15,Si,No,4.8,776,https://www.hellotickets.es/italia/roma/visita-guiada-catacumbas-santa-ines/a/pa-6705,2024-10-19 21:07:03.018222
Visita guiada a las catacumbas de San Calixto y entradas para la Basílica de San Juan de Letrán,24,Si,No,4.7,490,https://www.hellotickets.es/italia/roma/visita-guiada-catacumbas-san-calixto-entradas-basilica-san-juan-letran/a/pa-6704,2024-10-19 21:07:03.018222
Autobús panorámico y visita guiada a las catacumbas de Roma,54,Si,Cancelación gratuita,4.5,718,https://www.hellotickets.es/italia/roma/autobus-panoramico-visita-guiada-catacumbas/a/pa-6703,2024-10-19 21:07:03.018222
Visita guiada exprés al Castillo de Sant'Angelo en Roma,45,Si,Cancelación gratuita,4.6,427,https://www.hellotickets.es/italia/roma/visita-guiada-expres-castillo-sant-angelo/a/pa-6701,2024-10-19 21:07:03.018222
Entradas sin colas para el Castillo de Sant'Angelo en Roma,23,,Cancelación gratuita,4.6,1187,https://www.hellotickets.es/italia/roma/entradas-castillo-sant-angelo-sin-colas/a/pa-6700,2024-10-19 21:07:03.018222
Entradas para el Castillo de Sant'Angelo y visita guiada exprés en Roma,45,Si,Cancelación gratuita,4.8,1225,https://www.hellotickets.es/italia/roma/entradas-castillo-sant-angelo-visita-guiada-expres/a/pa-6699,2024-10-19 21:07:03.018222
Entradas con audioguia para el Castillo de Sant'Angelo en Roma,32,Si,Cancelación gratuita,4.6,918,https://www.hellotickets.es/italia/roma/entradas-castillo-sant-angelo-audioguia/a/pa-6698,2024-10-19 21:07:03.018222
Traslado en taxi a Castel Gandolfo desde Roma,85,Si,Cancelación gratuita,4.5,690,https://www.hellotickets.es/italia/roma/traslado-taxi-castel-gandolfo/a/pa-6696,2024-10-19 21:07:03.018222
Tour en kayak en Castel Gandolfo con cata de vino,64,Si,Cancelación gratuita,4.9,1080,https://www.hellotickets.es/italia/roma/tour-kayak-castel-gandolfo-cata-vino/a/pa-6692,2024-10-19 21:07:03.018222
Tour en kayak en Castel Gandolfo,42,Si,Cancelación gratuita,4.6,512,https://www.hellotickets.es/italia/roma/tour-kayak-castel-gandolfo/a/pa-6691,2024-10-19 21:07:03.018222
Excursión privada a Capri desde Roma,1,Si,Cancelación gratuita,4.6,859,https://www.hellotickets.es/italia/roma/excursion-privada-capri/a/pa-6690,2024-10-19 21:07:03.018222
"Excursión de 3 días a Pompeya, Sorrento y Capri desde Roma",773,,Cancelación gratuita,4.6,961,https://www.hellotickets.es/italia/roma/excursion-3-dias-pompeya-sorrento-capri/a/pa-6688,2024-10-19 21:07:03.018222
"Tour al Coliseo, Foro Romano y Colina Palatina con realidad virtual",60,Si,No,4.7,958,https://www.hellotickets.es/italia/roma/tour-coliseo-realidad-virtual/a/pa-6686,2024-10-19 21:07:03.018222
Visita guiada al Coliseo con acceso a la arena,31,Si,Cancelación gratuita,4.6,456,https://www.hellotickets.es/italia/roma/visita-guiada-coliseo-acceso-arena/a/pa-6685,2024-10-19 21:07:03.018222
"Visita guiada al Coliseo, al Foro Romano y al Monte Palatino",20,,Cancelación gratuita,4.7,1232,https://www.hellotickets.es/italia/roma/visita-guiada-coliseo-foro-romano-monte-palatino/a/pa-6684,2024-10-19 21:07:03.018222
"Visita guiada del Coliseo, el Foro Romano y el Palatino para grupos reducidos",74,Si,Cancelación gratuita,4.6,1063,https://www.hellotickets.es/italia/roma/visita-guiada-coliseo-grupos-reducidos/a/pa-6683,2024-10-19 21:07:03.018222
"Visita guiada al Coliseo, a la arena, al Foro Romano y al Monte Palatino",59,,Cancelación gratuita,4.6,982,https://www.hellotickets.es/italia/roma/visita-guiada-coliseo-con-arena-foro-romano-monte-palatino/a/pa-6682,2024-10-19 21:07:03.018222
"Visita guiada al Coliseo, Foro Romano, Panteón y Piazza Navona",68,Si,Cancelación gratuita,4.5,853,https://www.hellotickets.es/italia/roma/visita-guiada-coliseo-foro-romano-panteon/a/pa-6681,2024-10-19 21:07:03.018222
Clase de cocina de pasta con Spritz en Roma,88,Si,Cancelación gratuita,4.7,968,https://www.hellotickets.es/italia/roma/clase-cocina/a/pa-6680,2024-10-19 21:07:03.018222
Audioguía para la Basílica de San Pedro,6,Si,Cancelación gratuita,4.7,388,https://www.hellotickets.es/italia/roma/audioguia-basilica-san-pedro/a/pa-6678,2024-10-19 21:07:03.018222
Entradas de primera hora para los Museos Vaticanos y la Capilla Sixtina con desayuno,85,Si,No,4.6,394,https://www.hellotickets.es/italia/roma/entradas-museos-vaticanos-desayuno/a/pa-6677,2024-10-19 21:07:03.018222
Visita guiada oficial a los Museos Vaticanos y a la Capilla Sixtina,90,Si,No,4.6,1224,https://www.hellotickets.es/italia/roma/visita-guiada-oficial-museos-vaticanos/a/pa-6676,2024-10-19 21:07:03.018222
Excursión a Montepulciano y Pienza desde Roma,564,Si,No,4.8,995,https://www.hellotickets.es/italia/roma/excursion-montepulciano-pienza/a/pa-6675,2024-10-19 21:07:03.018222
Excursión del vino por la Toscana desde Roma,190,Si,Cancelación gratuita,4.7,1339,https://www.hellotickets.es/italia/roma/excursion-vino-toscana/a/pa-6674,2024-10-19 21:07:03.018222
Excursión a la Toscana desde Roma,122,Si,Cancelación gratuita,4.5,1305,https://www.hellotickets.es/italia/roma/excursion-toscana/a/pa-6673,2024-10-19 21:07:03.018222
Excursión a Tívoli desde Roma con entradas para la Villa del Este y clase de cocina,246,Si,Cancelación gratuita,4.8,1019,https://www.hellotickets.es/italia/roma/excursion-tivoli/a/pa-6672,2024-10-19 21:07:03.018222
Excursión a Villa Adriana y a Villa del Este desde Roma,93,Si,Cancelación gratuita,4.7,1539,https://www.hellotickets.es/italia/roma/excursion-villa-adriana-villa-este/a/pa-6671,2024-10-19 21:07:03.018222
Excursión a Villa del Este y a Villa Adriana desde Roma,83,Si,Cancelación gratuita,4.6,577,https://www.hellotickets.es/italia/roma/excursion-villa-este-villa-adriana/a/pa-6670,2024-10-19 21:07:03.018222
Traslado en taxi a Tívoli desde Roma,230,Si,Cancelación gratuita,4.8,650,https://www.hellotickets.es/italia/roma/traslado-taxi-tivoli/a/pa-6669,2024-10-19 21:07:03.018222
"Excursión a Siena y San Gimignano desde Roma con almuerzo, cata de vino y recogida en el hotel",200,Si,Cancelación gratuita,4.7,1216,https://www.hellotickets.es/italia/roma/excursion-siena-san-gimignano-almuerzo-cata-vino-recogida-hotel/a/pa-6668,2024-10-19 21:07:03.018222
Excursión privada a Siena y San Gimignano desde Roma,357,Si,Cancelación gratuita,4.7,871,https://www.hellotickets.es/italia/roma/excursion-privada-siena-san-gimignano/a/pa-6666,2024-10-19 21:07:03.018222
Excursión a Pompeya y Nápoles desde Roma con almuerzo y cata de vino,246,Si,Cancelación gratuita,4.7,798,https://www.hellotickets.es/italia/roma/excursion-pompeya-napoles-almuerzo/a/pa-6665,2024-10-19 21:07:03.018222
Excursión a Pompeya desde Roma con almuerzo y cata de vino en tren de alta velocidad,221,,Cancelación gratuita,4.9,1213,https://www.hellotickets.es/italia/roma/excursion-pompeya-almuerzo-cata-vino/a/pa-6664,2024-10-19 21:07:03.018222
Excursión a Pompeya desde Roma en tren de alta velocidad con almuerzo y cata de vino,211,Si,Cancelación gratuita,4.6,444,https://www.hellotickets.es/italia/roma/excursion-pompeya-tren-alta-velocidad/a/pa-6663,2024-10-19 21:07:03.018222
Visita guiada privada al Panteón de Roma,83,Si,Cancelación gratuita,4.6,1183,https://www.hellotickets.es/italia/roma/visita-guiada-privada-panteon/a/pa-6662,2024-10-19 21:07:03.018222
Excursión a Ostia Antica desde Roma en minibús,236,,Cancelación gratuita,4.6,1015,https://www.hellotickets.es/italia/roma/excursion-ostia-antica-minibus/a/pa-6661,2024-10-19 21:07:03.018222
Visita guiada para grupos reducidos a la Galería Borghese en Roma,75,Si,Cancelación gratuita,4.5,859,https://www.hellotickets.es/italia/roma/visita-guiada-galeria-borghese-grupos-reducidos/a/pa-6639,2024-10-19 21:07:03.018222
Visita guiada a la Galería Borghese y a sus jardines en Roma,95,Si,Cancelación gratuita,4.9,947,https://www.hellotickets.es/italia/roma/visita-guiada-galeria-borghese-jardines/a/pa-6638,2024-10-19 21:07:03.018222
Clase de cocina de pasta con cata de vino en Frascati,45,Si,Cancelación gratuita,4.6,535,https://www.hellotickets.es/italia/roma/clase-cocina-pasta-frascati/a/pa-6637,2024-10-19 21:07:03.018222
Visita a la Cripta de los Capuchinos con concierto de ópera en Roma,68,Si,No,4.7,476,https://www.hellotickets.es/italia/roma/visita-cripta-capuchinos-concierto-opera/a/pa-6635,2024-10-19 21:07:03.018222
Entradas para un concierto de ópera de La Traviata con ballet en Roma,36,Si,Cancelación gratuita,4.7,1264,https://www.hellotickets.es/italia/roma/entradas-concierto-opera-con-ballet/a/pa-6634,2024-10-19 21:07:03.018222
"Visita guiada con acceso prioritario al Coliseo, al Foro Romano y al Monte Palatino",40,Si,No,4.6,558,https://www.hellotickets.es/italia/roma/visita-guiada-acceso-prioritario-coliseo-foro-romano-monte-palatino/a/pa-6633,2024-10-19 21:07:03.018222
Excursión a Capri desde Roma en tren,294,Si,Cancelación gratuita,4.5,680,https://www.hellotickets.es/italia/roma/excursion-capri-tren/a/pa-6632,2024-10-19 21:07:03.018222
Autobús turístico nocturno en Roma,19,,Cancelación gratuita,4.6,902,https://www.hellotickets.es/italia/roma/autobus-turistico-nocturno/a/pa-6630,2024-10-19 21:07:03.018222
Autobús turístico I Love Rome,30,Si,Cancelación gratuita,4.6,636,https://www.hellotickets.es/italia/roma/autobus-turistico-i-love-rome/a/pa-6629,2024-10-19 21:07:03.018222
Autobús turístico IOBUS de Roma,25,Si,Cancelación gratuita,4.7,497,https://www.hellotickets.es/italia/roma/autobus-turistico-iobus/a/pa-6628,2024-10-19 21:07:03.018222
Excursión a Asís desde Roma,506,Si,Cancelación gratuita,4.7,987,https://www.hellotickets.es/italia/roma/excursion-asis/a/pa-6627,2024-10-19 21:07:03.018222
"Excursión a Pompeya, Positano y Amalfi desde Roma",119,Si,No,4.6,987,https://www.hellotickets.es/italia/roma/excursion-pompeya-positano-amalfi/a/pa-6626,2024-10-19 21:07:03.018222
Traslado desde el puerto de Civitavecchia al aeropuerto Fiumicino o al centro de Roma,68,Si,Cancelación gratuita,4.8,1321,https://www.hellotickets.es/italia/roma/traslados-desde-civitavecchia/a/pa-6625,2024-10-19 21:07:03.018222
Clase de cocina de pasta y tiramisú en Roma,149,Si,No,,,https://www.hellotickets.es/italia/roma/clase-cocina-pasta-tiramisu/a/pa-6545,2024-10-19 21:07:03.018222
Experiencia gastronómica con almuerzo o cena en Roma,99,Si,No,,,https://www.hellotickets.es/italia/roma/experiencia-gastronomica/a/pa-6544,2024-10-19 21:07:03.018222
Entradas para MagicLand en Valmontone Roma,20,Si,Cancelación gratuita,4.5,1016,https://www.hellotickets.es/italia/roma/entradas-magicland/a/pa-5800,2024-10-19 21:07:03.018222
Entradas para la Villa Gregoriana en Tivoli Roma,10,Si,Cancelación gratuita,4.7,627,https://www.hellotickets.es/italia/roma/entradas-villa-gregoriana/a/pa-5799,2024-10-19 21:07:03.018222
Crucero turístico por el río Tíber en Roma,21,Si,No,4.8,1336,https://www.hellotickets.es/italia/roma/crucero/a/pa-5798,2024-10-19 21:07:03.018222
Entradas para Zoomarine en Pomezia Roma,17,Si,Cancelación gratuita,4.8,673,https://www.hellotickets.es/italia/roma/entradas-zoomarine/a/pa-5797,2024-10-19 21:07:03.018222
"Entradas para los subterráneos de Piazza Navona, el estadio Domiciano en Roma",9,Si,Cancelación gratuita,4.6,1194,https://www.hellotickets.es/italia/roma/entradas-subterraneos-piazza-navona/a/pa-5796,2024-10-19 21:07:03.018222
Entradas para el Museo etrusco de Villa Giulia en Roma,19,Si,Cancelación gratuita,4.6,877,https://www.hellotickets.es/italia/roma/entradas-museo-etrusco-villa-giulia/a/pa-5795,2024-10-19 21:07:03.018222
Entradas para IKONO Roma,18,Si,No,4.7,1461,https://www.hellotickets.es/italia/roma/entradas-ikono/a/pa-5794,2024-10-19 21:07:03.018222
Billetes para el tren Leonardo Express desde el centro de Roma al aeropuerto de Fiumicino,18,Si,No,4.8,1499,https://www.hellotickets.es/italia/roma/leonardo-express-roma-fiumicino/a/pa-5747,2024-10-19 21:07:03.018222
Entradas para el Palacio Papal y sus jardines en Castel Gandolfo,26,Si,Cancelación gratuita,4.5,900,https://www.hellotickets.es/italia/roma/entradas-palacio-papal-jardines-castel-gandolfo/a/pa-5677,2024-10-19 21:07:03.018222
Clase de pintura con vino y pizza en Roma,60,Si,Cancelación gratuita,4.6,1012,https://www.hellotickets.es/italia/roma/clase-pintura/a/pa-5395,2024-10-19 21:07:03.018222
Clase de cocina de pasta y helado en Roma,89,Si,Cancelación gratuita,4.7,910,https://www.hellotickets.es/italia/roma/clase-cocina-pasta-helado/a/pa-5394,2024-10-19 21:07:03.018222
Entradas para el stadio Olimpico de Roma,22,Si,No,4.8,392,https://www.hellotickets.es/italia/roma/entradas-stadio-olimpico/a/pa-4696,2024-10-19 21:07:03.018222
Visita guiada a la Basílica de Santa María la Mayor en Roma,25,Si,No,4.7,626,https://www.hellotickets.es/italia/roma/visita-guiada-basilica-santa-maria-mayor/a/pa-4695,2024-10-19 21:07:03.018222
"Omnia Card 24h: Vaticano, catacumbas y autobús turístico de Roma",70,Si,No,4.9,466,https://www.hellotickets.es/italia/roma/omnia-card/a/pa-4691,2024-10-19 21:07:03.018222
Excursión a Florencia y Pisa desde Roma,171,,Cancelación gratuita,4.7,411,https://www.hellotickets.es/italia/roma/excursion-florencia-y-pisa-desde-roma/a/pa-293,2024-10-19 21:07:03.018222
Tour en Segway por Roma,77,Si,Cancelación gratuita,4.7,328,https://www.hellotickets.es/italia/roma/tour-segway/a/pa-228,2024-10-19 21:07:03.018222
Clase de cocina de pasta con cena en Roma,66,,Cancelación gratuita,4.3,1252,https://www.hellotickets.es/italia/roma/clase-cocina-pasta-y-tiramisu-con-cena/a/pa-271,2024-10-19 21:07:03.018222
Visita guiada nocturna del Coliseo,143,Si,No,4.8,1102,https://www.hellotickets.es/italia/roma/visita-guiada-nocturna-coliseo/a/pa-236,2024-10-19 21:07:03.018222
Entradas para la exhibición interactiva Welcome to Rome,20,,Cancelación gratuita,4.8,983,https://www.hellotickets.es/italia/roma/entradas-exhibicion-welcome-to-rome/a/pa-201,2024-10-19 21:07:03.018222
Excursión a Capri desde Roma en tren y barco,243,Si,Cancelación gratuita,,,https://www.hellotickets.es/italia/roma/excursion-capri-tren-barco/a/pa-10694,2024-10-19 21:07:03.018222
Visita privada a las termas de Caracalla en Roma,183,Si,Cancelación gratuita,,,https://www.hellotickets.es/italia/roma/visita-privada-termas-caracalla/a/pa-10668,2024-10-19 21:07:03.018222
Tour privado a bodegas de Chianti en la Toscana desde Roma,713,Si,Cancelación gratuita,,,https://www.hellotickets.es/italia/roma/tour-privado-bodegas-chianti-toscana/a/pa-10642,2024-10-19 21:07:03.018222
Tour en Vespa por Roma con fotógrafo profesional,96,Si,Cancelación gratuita,,,https://www.hellotickets.es/italia/roma/tour-vespa-fotografo/a/pa-10633,2024-10-19 21:07:03.018222
Excursión a Nápoles y Pompeya desde Roma con almuerzo de pizza,218,Si,Cancelación gratuita,,,https://www.hellotickets.es/italia/roma/excursion-napoles-pompeya-almuerzo-pizza/a/pa-10607,2024-10-19 21:07:03.018222
Visita privada al Parque Arqueológico de Ostia Antica,277,Si,Cancelación gratuita,,,https://www.hellotickets.es/italia/roma/visita-privada-parque-arqueologico-ostia-antica/a/pa-10584,2024-10-19 21:07:03.018222
Excursión privada a las villas pontificias de Castel Gandolfo desde Roma,636,Si,Cancelación gratuita,,,https://www.hellotickets.es/italia/roma/excursion-privada-castel-gandolfo/a/pa-10558,2024-10-19 21:07:03.018222
Visita guiada privada a la Galería Borghese,353,,Cancelación gratuita,4.2,565,https://www.hellotickets.es/italia/roma/visita-guiada-privada-galeria-borghese/a/pa-290,2024-10-19 21:07:03.018222
"Excursión a las villas pontificias de Castel Gandolfo, la residencia de verano del Papa",561,Si,Cancelación gratuita,4.7,652,https://www.hellotickets.es/italia/roma/excursion-castel-gandolfo-residencia-verano-papa/a/pa-240,2024-10-19 21:07:03.018222
Tour de Ángeles y Demonios por Roma,75,Si,No,4,840,https://www.hellotickets.es/italia/roma/tour-angeles-y-demonios/a/pa-197,2024-10-19 21:07:03.018222
Tour privado a pie por Roma,286,Si,Cancelación gratuita,,,https://www.hellotickets.es/italia/roma/tour-privado-pie/a/pa-10707,2024-10-19 21:07:03.018222
Excursión privada en barco a la isla de Ponza desde Roma con almuerzo,1,Si,Cancelación gratuita,,,https://www.hellotickets.es/italia/roma/excursion-privada-barco-isla-ponza-almuerzo/a/pa-10695,2024-10-19 21:07:03.018222
Excursión privada a Asís desde Roma con cata de vino,886,Si,Cancelación gratuita,,,https://www.hellotickets.es/italia/roma/excursion-privada-asis/a/pa-10681,2024-10-19 21:07:03.018222
Visita privada a los baños de Caracalla en Roma,277,Si,Cancelación gratuita,,,https://www.hellotickets.es/italia/roma/visita-privada-banos-caracalla/a/pa-10669,2024-10-19 21:07:03.018222
Excursión privada a Frascati desde Roma con clase de elaboración de pasta y cata de vino,339,Si,Cancelación gratuita,,,https://www.hellotickets.es/italia/roma/excursion-privada-frascati-clase-elaboracion-pasta-cata-vino/a/pa-10655,2024-10-19 21:07:03.018222
Excursión privada a la Toscana desde Roma con cata de vino,464,Si,Cancelación gratuita,,,https://www.hellotickets.es/italia/roma/excursion-privada-toscana-cata-vino/a/pa-10643,2024-10-19 21:07:03.018222
Tour panorámico en Vespa por Roma,139,Si,Cancelación gratuita,,,https://www.hellotickets.es/italia/roma/tour-panoramico-vespa/a/pa-10634,2024-10-19 21:07:03.018222
Excursión a Florencia y Pisa desde Roma con almuerzo opcional,239,Si,Cancelación gratuita,,,https://www.hellotickets.es/italia/roma/excursion-florencia-pisa-almuerzo-opcional/a/pa-10620,2024-10-19 21:07:03.018222
Excursión de 1 día a Nápoles y Pompeya desde Roma,341,Si,Cancelación gratuita,,,https://www.hellotickets.es/italia/roma/excursion-1-dia-napoles-pompeya/a/pa-10608,2024-10-19 21:07:03.018222
Tour en bicicleta eléctrica por la Vía Apia de Roma,68,Si,Cancelación gratuita,,,https://www.hellotickets.es/italia/roma/tour-bicicleta-electrica-via-apia/a/pa-10594,2024-10-19 21:07:03.018222
Excursión privada a Ostia Antica desde Roma en tren,547,Si,No,,,https://www.hellotickets.es/italia/roma/excursion-guiada-ostia-antica-tren/a/pa-10585,2024-10-19 21:07:03.018222
Tour en carrito de golf por Roma,183,Si,Cancelación gratuita,,,https://www.hellotickets.es/italia/roma/tour-carrito-golf/a/pa-10571,2024-10-19 21:07:03.018222
Visita guiada sobre los secretos bajo el Castillo de Sant'Angelo en Roma,68,Si,Cancelación gratuita,,,https://www.hellotickets.es/italia/roma/visita-guiada-secretos-bajo-castillo-sant-angelo/a/pa-10559,2024-10-19 21:07:03.018222
Clase de cocina de pizza con comida en Roma,64,,Cancelación gratuita,4.4,422,https://www.hellotickets.es/italia/roma/clase-cocina-pizza-con-cena/a/pa-256,2024-10-19 21:07:03.018222
Visita guiada nocturna a los Museos Vaticanos y a la Capilla Sixtina,229,Si,Cancelación gratuita,4.3,630,https://www.hellotickets.es/italia/roma/visita-guiada-nocturna-museo-vaticano-y-capilla-sixtina/a/pa-154,2024-10-19 21:07:03.018222
Entradas para Cinecittà Shows Off en Roma,14,Si,No,,,https://www.hellotickets.es/italia/roma/entradas-cinecitta-shows-off/a/pa-10696,2024-10-19 21:07:03.018222
Cata de vino en el centro histórico de Roma,142,Si,Cancelación gratuita,,,https://www.hellotickets.es/italia/roma/cata-vino/a/pa-10682,2024-10-19 21:07:03.018222
Visita guiada a las termas de Caracalla en Roma,50,Si,Cancelación gratuita,,,https://www.hellotickets.es/italia/roma/visita-guiada-termas-caracalla/a/pa-10670,2024-10-19 21:07:03.018222
Excursión privada a Frascati desde Roma con cata de vino y almuerzo,290,Si,Cancelación gratuita,,,https://www.hellotickets.es/italia/roma/excursion-privada-frascati-cata-vino-almuerzo/a/pa-10656,2024-10-19 21:07:03.018222
Excursión a Florencia desde Roma con cata de vino,294,Si,Cancelación gratuita,,,https://www.hellotickets.es/italia/roma/excursion-florencia-cata-vino/a/pa-10644,2024-10-19 21:07:03.018222
Tour guiado en Vespa con sidecar por Roma,125,Si,Cancelación gratuita,,,https://www.hellotickets.es/italia/roma/tour-vespa-sidecar/a/pa-10635,2024-10-19 21:07:03.018222
Excursión privada a Florencia y Pisa desde Roma,408,Si,Cancelación gratuita,,,https://www.hellotickets.es/italia/roma/excursion-privada-florencia-pisa/a/pa-10621,2024-10-19 21:07:03.018222
Excursión privada a Nápoles desde Roma,254,Si,Cancelación gratuita,,,https://www.hellotickets.es/italia/roma/excursion-privada-napoles/a/pa-10609,2024-10-19 21:07:03.018222
Visita guiada por la Vía Apia y las catacumbas de Roma,64,Si,Cancelación gratuita,,,https://www.hellotickets.es/italia/roma/visita-guiada-via-apia-catacumbas/a/pa-10595,2024-10-19 21:07:03.018222
Tour nocturno guiado en segway por Roma,73,Si,Cancelación gratuita,,,https://www.hellotickets.es/italia/roma/tour-nocturno-guiado-segway/a/pa-10586,2024-10-19 21:07:03.018222
Tour guiado al Panteón de Roma,35,Si,Cancelación gratuita,,,https://www.hellotickets.es/italia/roma/tour-guiado-panteon/a/pa-10572,2024-10-19 21:07:03.018222
Visita guiada privada al Castillo de Sant'Angelo en Roma,171,Si,Cancelación gratuita,,,https://www.hellotickets.es/italia/roma/visita-guiada-privada-castillo-sant-angelo/a/pa-10560,2024-10-19 21:07:03.018222
Tour privado en carrito de golf por Roma,128,Si,Cancelación gratuita,,,https://www.hellotickets.es/italia/roma/tour-privado-carrito-golf/a/pa-10709,2024-10-19 21:07:03.018222
Entradas para el Parque Arqueológico de Ostia Antica,18,Si,No,,,https://www.hellotickets.es/italia/roma/entradas-parque-arqueologico-ostia-antica/a/pa-10697,2024-10-19 21:07:03.018222
Cata privada de vino a las afueras de Roma,183,Si,Cancelación gratuita,,,https://www.hellotickets.es/italia/roma/cata-privada-vino-afueras/a/pa-10683,2024-10-19 21:07:03.018222
Visita privada a los baños de Caracalla en Roma con un arqueólogo,219,Si,Cancelación gratuita,,,https://www.hellotickets.es/italia/roma/visita-privada-banos-caracalla-arqueologo/a/pa-10671,2024-10-19 21:07:03.018222
Tour de vino y comida por Frascati,83,Si,Cancelación gratuita,,,https://www.hellotickets.es/italia/roma/tour-vino-comida-frascati/a/pa-10657,2024-10-19 21:07:03.018222
Excursión privada a Villa Adriana y a Villa del Este desde Roma,313,Si,Cancelación gratuita,,,https://www.hellotickets.es/italia/roma/excursion-privada-villa-adriana-villa-este/a/pa-10645,2024-10-19 21:07:03.018222
Tour guiado en Vespa por Roma,88,Si,Cancelación gratuita,,,https://www.hellotickets.es/italia/roma/tour-guiado-vespa/a/pa-10636,2024-10-19 21:07:03.018222
Excursión privada a Florencia desde Roma con entradas para la Galería de la Academia,379,Si,Cancelación gratuita,,,https://www.hellotickets.es/italia/roma/excursion-privada-florencia-entradas-galeria-academia/a/pa-10622,2024-10-19 21:07:03.018222
Excursión privada a Nápoles desde Roma con billetes de tren,381,Si,Cancelación gratuita,,,https://www.hellotickets.es/italia/roma/excursion-privada-napoles-billetes-tren/a/pa-10610,2024-10-19 21:07:03.018222
Tour de la Vía Apia y las catacumbas de Roma en carrito de golf,170,Si,Cancelación gratuita,,,https://www.hellotickets.es/italia/roma/tour-via-apia-catacumbas-carrito-golf/a/pa-10596,2024-10-19 21:07:03.018222
Visita guiada en grupo pequeño al Panteón de Roma,35,Si,Cancelación gratuita,,,https://www.hellotickets.es/italia/roma/visita-guiada-grupo-pequeno-panteon/a/pa-10573,2024-10-19 21:07:03.018222
Tour guiado nocturno por Roma,45,Si,Cancelación gratuita,,,https://www.hellotickets.es/italia/roma/tour-guiado-nocturno/a/pa-10561,2024-10-19 21:07:03.018222
"Entradas para Roma World, el parque temático de la Antigua Roma",15,Si,Cancelación gratuita,,,https://www.hellotickets.es/italia/roma/entradas-roma-world/a/pa-10698,2024-10-19 21:07:03.018222
Excursión privada de senderismo a Norchia desde Roma,211,Si,Cancelación gratuita,,,https://www.hellotickets.es/italia/roma/excursion-privada-senderismo-norchia/a/pa-10684,2024-10-19 21:07:03.018222
Visita guiada privada a los baños de Caracalla en Roma,267,Si,Cancelación gratuita,,,https://www.hellotickets.es/italia/roma/visita-guiada-privada-banos-caracalla/a/pa-10672,2024-10-19 21:07:03.018222
Tour del vino por Frascati,108,Si,Cancelación gratuita,,,https://www.hellotickets.es/italia/roma/tour-vino-frascati/a/pa-10658,2024-10-19 21:07:03.018222
Excursión a Tívoli desde Roma con visita a Villa del Este y Villa Adriana,93,Si,Cancelación gratuita,,,https://www.hellotickets.es/italia/roma/excursion-tivoli/a/pa-10646,2024-10-19 21:07:03.018222
Tour privado en Vespa por Roma,135,Si,Cancelación gratuita,,,https://www.hellotickets.es/italia/roma/tour-privado-vespa/a/pa-10637,2024-10-19 21:07:03.018222
Excursión privada a Florencia desde Roma,366,Si,Cancelación gratuita,,,https://www.hellotickets.es/italia/roma/excursion-privada-florencia/a/pa-10623,2024-10-19 21:07:03.018222
Excursión privada a Nápoles y Pompeya desde Roma,665,Si,Cancelación gratuita,,,https://www.hellotickets.es/italia/roma/excursion-privada-napoles-pompeya/a/pa-10611,2024-10-19 21:07:03.018222
Visita guiada a las catacumbas de la Vía Apia con traslados,62,Si,Cancelación gratuita,,,https://www.hellotickets.es/italia/roma/visita-guiada-catacumbas-traslados/a/pa-10597,2024-10-19 21:07:03.018222
Tour privado en segway por Roma,121,Si,Cancelación gratuita,,,https://www.hellotickets.es/italia/roma/tour-privado-segway/a/pa-10587,2024-10-19 21:07:03.018222
Rome City Pass,120,Si,No,,,https://www.hellotickets.es/italia/roma/rome-city-pass/a/pa-10574,2024-10-19 21:07:03.018222
Tour privado nocturno por Roma en coche,154,Si,Cancelación gratuita,,,https://www.hellotickets.es/italia/roma/tour-privado-nocturno-coche/a/pa-10562,2024-10-19 21:07:03.018222
Tour privado por Roma con crucero por el río Tíber,179,Si,Cancelación gratuita,,,https://www.hellotickets.es/italia/roma/tour-privado-crucero-rio-tiber/a/pa-10693,2024-10-19 21:07:03.018222
Visita guiada privada a las termas de Caracalla en Roma,173,Si,Cancelación gratuita,,,https://www.hellotickets.es/italia/roma/visita-guiada-privada-termas-caracalla/a/pa-10667,2024-10-19 21:07:03.018222
Servicio de alquiler de motos Vespa en Roma,73,Si,Cancelación gratuita,,,https://www.hellotickets.es/italia/roma/servicio-alquiler-moto-vespa/a/pa-10632,2024-10-19 21:07:03.018222
Excursión a Nápoles y Pompeya desde Roma,83,Si,Cancelación gratuita,,,https://www.hellotickets.es/italia/roma/excursion-napoles-pompeya/a/pa-10606,2024-10-19 21:07:03.018222
Visita privada a Ostia Antica,195,Si,Cancelación gratuita,,,https://www.hellotickets.es/italia/roma/visita-privada-ostia-antica/a/pa-10583,2024-10-19 21:07:03.018222
Visita guiada al Panteón y a Santa Maria Sopra Minerva de Roma,278,,Cancelación gratuita,4.5,487,https://www.hellotickets.es/italia/roma/visita-guiada-panteon-y-santa-maria-sopra-minerva/a/pa-265,2024-10-19 21:07:03.018222
Tour nocturno de Roma iluminada,40,Si,Cancelación gratuita,,,https://www.hellotickets.es/italia/roma/tour-nocturno/a/pa-1376,2024-10-19 21:07:03.018222
Tour nocturno de fantasmas y misterios de Roma,25,Si,Cancelación gratuita,,,https://www.hellotickets.es/italia/roma/tour-nocturno-fantasmas-misterios/a/pa-10699,2024-10-19 21:07:03.018222
Tour privado en bicicleta eléctrica por la Vía Apia de Roma,179,Si,Cancelación gratuita,,,https://www.hellotickets.es/italia/roma/tour-privado-bicicleta-electrica-via-apia/a/pa-10685,2024-10-19 21:07:03.018222
Tour privado a los baños de Caracalla en Roma,267,Si,Cancelación gratuita,,,https://www.hellotickets.es/italia/roma/tour-privado-banos-caracalla/a/pa-10673,2024-10-19 21:07:03.018222
Tour privado a Frascati desde Roma con cata de vino,190,Si,Cancelación gratuita,,,https://www.hellotickets.es/italia/roma/tour-privado-frascati-cata-vino/a/pa-10659,2024-10-19 21:07:03.018222
Excursión privada a Villa Adriana desde Roma,590,Si,Cancelación gratuita,,,https://www.hellotickets.es/italia/roma/excursion-privada-villa-adriana/a/pa-10647,2024-10-19 21:07:03.018222
Excursión privada a Montepulciano y Pienza desde Roma,447,Si,Cancelación gratuita,,,https://www.hellotickets.es/italia/roma/excursion-privada-montepulciano-pienza/a/pa-10638,2024-10-19 21:07:03.018222
Excursión a Florencia desde Roma en grupo pequeño,310,Si,Cancelación gratuita,,,https://www.hellotickets.es/italia/roma/excursion-florencia-grupo-pequeno/a/pa-10624,2024-10-19 21:07:03.018222
Visita guiada privada a los Museos Capitolinos de Roma,116,Si,Cancelación gratuita,,,https://www.hellotickets.es/italia/roma/visita-guiada-privada-museos-capitolinos/a/pa-10612,2024-10-19 21:07:03.018222
Tour gastronómico por Trastevere en Roma,135,Si,Cancelación gratuita,,,https://www.hellotickets.es/italia/roma/tour-gastronomico-trastevere/a/pa-10598,2024-10-19 21:07:03.018222
Excursión al Palacio Real de Caserta desde Roma en tren,158,Si,Cancelación gratuita,,,https://www.hellotickets.es/italia/roma/excursion-palacio-real-caserta-tren/a/pa-10575,2024-10-19 21:07:03.018222
Tour privado nocturno a pie por Roma,126,Si,Cancelación gratuita,,,https://www.hellotickets.es/italia/roma/tour-privado-nocturno-pie/a/pa-10563,2024-10-19 21:07:03.018222
Tour guiado de fantasmas y misterios de Roma,25,Si,Cancelación gratuita,,,https://www.hellotickets.es/italia/roma/tour-guiado-fantasmas-misterios/a/pa-10700,2024-10-19 21:07:03.018222
Tour privado en bicicleta por Roma,186,Si,Cancelación gratuita,,,https://www.hellotickets.es/italia/roma/tour-privado-bicicleta/a/pa-10686,2024-10-19 21:07:03.018222
Tour guiado privado a los baños de Caracalla en Roma,287,Si,Cancelación gratuita,,,https://www.hellotickets.es/italia/roma/tour-guiado-privado-banos-caracalla/a/pa-10674,2024-10-19 21:07:03.018222
Visita a un viñedo con cata de vino en Frascati,60,Si,Cancelación gratuita,,,https://www.hellotickets.es/italia/roma/visita-vinedo-cata-vino-frascati/a/pa-10660,2024-10-19 21:07:03.018222
Excursión de día completo a Villa Adriana y a Villa del Este desde Roma,362,Si,Cancelación gratuita,,,https://www.hellotickets.es/italia/roma/excursion-dia-completo-villa-adriana-villa-este/a/pa-10648,2024-10-19 21:07:03.018222
Tour de compras a The Mall Luxury Outlet desde Roma,237,Si,Cancelación gratuita,,,https://www.hellotickets.es/italia/roma/tour-compras-the-mall/a/pa-10639,2024-10-19 21:07:03.018222
Excursión privada a Florencia y Pisa desde Roma con entradas para la Torre Inclinada,861,Si,Cancelación gratuita,,,https://www.hellotickets.es/italia/roma/excursion-privada-florencia-pisa-entradas-torre-inclinada/a/pa-10625,2024-10-19 21:07:03.018222
Visita temática privada de Percy Jackson a los Museos Capitolinos de Roma,181,Si,Cancelación gratuita,,,https://www.hellotickets.es/italia/roma/visita-tematica-privada-percy-jackson-museos-capitolinos/a/pa-10613,2024-10-19 21:07:03.018222
Tour gastronómico romano por Trastevere en Roma,115,Si,Cancelación gratuita,,,https://www.hellotickets.es/italia/roma/tour-gastronomico-romano-trastevere/a/pa-10599,2024-10-19 21:07:03.018222
Tour privado por la Domus Aurea y el Coliseo de Roma,309,Si,No,,,https://www.hellotickets.es/italia/roma/tour-privado-domus-aurea-coliseo/a/pa-10576,2024-10-19 21:07:03.018222
Excursión a Pompeya y Positano desde Roma,143,Si,Cancelación gratuita,,,https://www.hellotickets.es/italia/roma/excursion-pompeya-positano/a/pa-10564,2024-10-19 21:07:03.018222
"Excursión de 2 días a Pompeya, Nápoles, Capri y Sorrento desde Roma",606,,Cancelación gratuita,4.3,553,https://www.hellotickets.es/italia/roma/excursion-2-dias-pompeya-capri-y-sorrento-desde-roma/a/pa-157,2024-10-19 21:07:03.018222
Tour en Segway por el centro de Roma y Villa Borghese,58,,Cancelación gratuita,4.3,476,https://www.hellotickets.es/italia/roma/tour-centro-y-villa-borghese-en-segway/a/pa-298,2024-10-19 21:07:03.018222
Excursión a Capri y la Gruta Azul desde Roma,656,Si,No,4.7,507,https://www.hellotickets.es/italia/roma/excursion-capri-y-gruta-azul-desde-roma/a/pa-174,2024-10-19 21:07:03.018222
Tour guiado de fantasmas y asesinatos de Roma,25,Si,Cancelación gratuita,,,https://www.hellotickets.es/italia/roma/tour-guiado-fantasmas-asesinatos/a/pa-10701,2024-10-19 21:07:03.018222
Caminata urbana por el Parque de Caffarella en Roma,26,Si,Cancelación gratuita,,,https://www.hellotickets.es/italia/roma/caminata-urbana-parque-caffarella/a/pa-10687,2024-10-19 21:07:03.018222
Alquiler de bicicleta en Roma con entradas para las termas de Caracalla,45,Si,Cancelación gratuita,,,https://www.hellotickets.es/italia/roma/alquiler-bicicleta-entradas-termas-caracalla/a/pa-10675,2024-10-19 21:07:03.018222
"Tour guiado del Foro Romano, el Monte Palatino y el Circo Máximo",68,Si,Cancelación gratuita,,,https://www.hellotickets.es/italia/roma/tour-guiado-foro-romano-monte-palatino-circo-maximo/a/pa-10661,2024-10-19 21:07:03.018222
Traslado en taxi a Villa Adriana y a Villa del Este desde Roma,333,Si,Cancelación gratuita,,,https://www.hellotickets.es/italia/roma/traslado-taxi-villa-adriana-villa-este/a/pa-10649,2024-10-19 21:07:03.018222
Excursión a Siena y San Gimignano desde Roma en tren,286,Si,Cancelación gratuita,,,https://www.hellotickets.es/italia/roma/excursion-siena-san-gimignano-tren/a/pa-10640,2024-10-19 21:07:03.018222
"Tour privado por las Basílicas Papales de Roma: San Juan de Letrán, Santa María la Mayor y Basílica de San Pablo Extramuros",405,Si,Cancelación gratuita,,,https://www.hellotickets.es/italia/roma/tour-privado-basilicas-papales/a/pa-10626,2024-10-19 21:07:03.018222
Visita privada a los Museos Capitolinos de Roma,211,Si,Cancelación gratuita,,,https://www.hellotickets.es/italia/roma/visita-privada-museos-capitolinos/a/pa-10614,2024-10-19 21:07:03.018222
Tour gastronómico por Trastevere con cena y vino,87,Si,Cancelación gratuita,,,https://www.hellotickets.es/italia/roma/tour-gastronomico-trastevere-cena-vino/a/pa-10600,2024-10-19 21:07:03.018222
Entradas para un concierto de ópera en Roma con cena,84,Si,Cancelación gratuita,,,https://www.hellotickets.es/italia/roma/entradas-concierto-opera-cena/a/pa-10588,2024-10-19 21:07:03.018222
Visita guiada privada al Palacio Colonna en Roma,180,Si,No,,,https://www.hellotickets.es/italia/roma/visita-guiada-privada-palacio-colonna/a/pa-10577,2024-10-19 21:07:03.018222
Excursión a Positano y la Costa Amalfitana desde Roma con crucero por la costa,125,Si,Cancelación gratuita,,,https://www.hellotickets.es/italia/roma/excursion-positano-costa-amalfitana-crucero/a/pa-10565,2024-10-19 21:07:03.018222
Excursión a la Toscana desde Roma con cata de vino y comida incluida,99,Si,No,4.8,1442,https://www.hellotickets.es/italia/roma/excursion-toscana-desde-roma/a/pa-199,2024-10-19 21:07:03.018222
Entradas de última hora para Museos Vaticanos y la Capilla Sixtina,59,Si,Cancelación gratuita,4.8,507,https://www.hellotickets.es/italia/roma/entradas-ultima-hora-museos-vaticanos-y-capilla-sixtina/a/pa-4639,2024-10-19 21:07:03.018222
Tour a pie de fantasmas de Roma,60,Si,No,,,https://www.hellotickets.es/italia/roma/tour-pie-fantasmas/a/pa-10702,2024-10-19 21:07:03.018222
Excursión privada de senderismo a Falerii Novi desde Roma,211,Si,Cancelación gratuita,,,https://www.hellotickets.es/italia/roma/excursion-privada-senderismo-falerii-novi/a/pa-10688,2024-10-19 21:07:03.018222
Cata de comida y vino en una bodega medieval a las afueras de Roma,96,Si,Cancelación gratuita,,,https://www.hellotickets.es/italia/roma/cata-comida-vino-bodega-medieval-afueras/a/pa-10676,2024-10-19 21:07:03.018222
Tour privado a las termas de Caracalla y el Circo Máximo en Roma,153,Si,Cancelación gratuita,,,https://www.hellotickets.es/italia/roma/tour-privado-termas-caracalla-circo-maximo/a/pa-10662,2024-10-19 21:07:03.018222
Excursión privada a Villa d'Este y Villa Adriana desde Roma con almuerzo,1,Si,Cancelación gratuita,,,https://www.hellotickets.es/italia/roma/excursion-privada-villa-este-villa-adriana-almuerzo/a/pa-10650,2024-10-19 21:07:03.018222
Excursión privada a la Toscana desde Roma,463,Si,Cancelación gratuita,,,https://www.hellotickets.es/italia/roma/excursion-privada-toscana/a/pa-10641,2024-10-19 21:07:03.018222
"Tour privado por los lugares sagrados de Roma: San Juan de Letrán, Scala Santa y Santa Cruz",210,Si,Cancelación gratuita,,,https://www.hellotickets.es/italia/roma/tour-privado-lugares-sagrados/a/pa-10627,2024-10-19 21:07:03.018222
Visita guiada privada a los Museos Capitolinos de Roma con opción de traslados incluidos,205,Si,Cancelación gratuita,,,https://www.hellotickets.es/italia/roma/visita-guiada-privada-museos-capitolinos-opcion-traslados/a/pa-10615,2024-10-19 21:07:03.018222
Cata de vino con aperitivos y helado en Trastevere,48,Si,Cancelación gratuita,,,https://www.hellotickets.es/italia/roma/cata-vino-trastevere/a/pa-10601,2024-10-19 21:07:03.018222
Entradas para un concierto de ópera en el Palazzo Doria Pamphili en Roma,95,Si,Cancelación gratuita,,,https://www.hellotickets.es/italia/roma/entradas-opera-palazzo-doria-pamphili/a/pa-10589,2024-10-19 21:07:03.018222
Excursión al Palacio Real de Caserta desde Roma,266,Si,Cancelación gratuita,,,https://www.hellotickets.es/italia/roma/excursion-palacio-real-caserta/a/pa-10578,2024-10-19 21:07:03.018222
"Excursión a Positano, la Costa Amalfitana y Pompeya desde Roma",144,Si,Cancelación gratuita,,,https://www.hellotickets.es/italia/roma/excursion-positano-costa-amalfitana-pompeya/a/pa-10566,2024-10-19 21:07:03.018222
Tour guiado de fantasmas de Roma,26,Si,Cancelación gratuita,,,https://www.hellotickets.es/italia/roma/tour-guiado-fantasmas/a/pa-10703,2024-10-19 21:07:03.018222
Excursión privada a Orvieto desde Roma con cata de vino,561,Si,Cancelación gratuita,,,https://www.hellotickets.es/italia/roma/excursion-privada-orvieto/a/pa-10677,2024-10-19 21:07:03.018222
Excursión privada de 1 día a Villa del Este y Villa Adriana desde Roma,357,Si,Cancelación gratuita,,,https://www.hellotickets.es/italia/roma/excursion-privada-1-dia-villa-este-villa-adriana/a/pa-10651,2024-10-19 21:07:03.018222
Tour guiado privado a los Museos Capitolinos de Roma,296,Si,Cancelación gratuita,,,https://www.hellotickets.es/italia/roma/tour-guiado-privado-museos-capitolinos/a/pa-10616,2024-10-19 21:07:03.018222
Entradas para un concierto de ópera en Roma con cata de vino,105,Si,Cancelación gratuita,,,https://www.hellotickets.es/italia/roma/entradas-concierto-opera-cata-vino/a/pa-10590,2024-10-19 21:07:03.018222
Excursión a Capri y Anacapri desde Roma,276,Si,Cancelación gratuita,,,https://www.hellotickets.es/italia/roma/excursion-capri-anacapri/a/pa-10567,2024-10-19 21:07:03.018222
"Traslado privado desde Ciampino, Fiumicino o Civitavecchia a tu hotel en Roma",90,,Cancelación gratuita,4.5,442,https://www.hellotickets.es/italia/roma/traslado-privado-ciampino-fiumino-civitavecchia-al-hotel/a/pa-166,2024-10-19 21:07:03.018222
Tour en bicicleta por Roma,40,Si,Cancelación gratuita,,,https://www.hellotickets.es/italia/roma/tour-bicicleta/a/pa-10689,2024-10-19 21:07:03.018222
Tour privado por el Monte Aventino y el Circo Máximo en Roma,200,Si,Cancelación gratuita,,,https://www.hellotickets.es/italia/roma/tour-privado-monte-aventino-circo-maximo/a/pa-10663,2024-10-19 21:07:03.018222
Entradas para el Palacio de Letrán en Roma,11,Si,No,,,https://www.hellotickets.es/italia/roma/entradas-palacio-letran/a/pa-10628,2024-10-19 21:07:03.018222
Tour guiado en segway por Trastevere,95,Si,Cancelación gratuita,,,https://www.hellotickets.es/italia/roma/tour-guiado-segway-trastevere/a/pa-10602,2024-10-19 21:07:03.018222
Tour guiado por la Galería Borghese en Roma,47,Si,Cancelación gratuita,,,https://www.hellotickets.es/italia/roma/tour-guiado-galeria-borghese/a/pa-10579,2024-10-19 21:07:03.018222
Tour gastronómico nocturno en bicicleta eléctrica con cata de vino por Roma,69,Si,Cancelación gratuita,4.8,1283,https://www.hellotickets.es/italia/roma/tour-gastronomico-nocturno-bicicleta-electrica-con-cata-vino/a/pa-277,2024-10-19 21:07:03.018222
Juego de exploración por Roma,10,,Cancelación gratuita,4.4,815,https://www.hellotickets.es/italia/roma/juego-de-exploracion-casco-antiguo/a/pa-218,2024-10-19 21:07:03.018222
Búsqueda del tesoro con aplicación móvil por Roma: Fantasmas de Roma,63,Si,Cancelación gratuita,,,https://www.hellotickets.es/italia/roma/busqueda-tesoro-fantasmas/a/pa-10690,2024-10-19 21:07:03.018222
"Tour guiado privado del Foro Romano, el Monte Palatino y el Circo Máximo",143,Si,Cancelación gratuita,,,https://www.hellotickets.es/italia/roma/tour-guiado-privado-foro-romano-monte-palatino-circo-maximo/a/pa-10664,2024-10-19 21:07:03.018222
Entradas para el Palacio de Letrán en Roma con audioguía,15,Si,No,,,https://www.hellotickets.es/italia/roma/entradas-palacio-letran-audioguia/a/pa-10629,2024-10-19 21:07:03.018222
Tour gastronómico por Trastevere en Roma en grupo pequeño,42,Si,Cancelación gratuita,,,https://www.hellotickets.es/italia/roma/tour-gastronomico-trastevere-grupo-pequeno/a/pa-10603,2024-10-19 21:07:03.018222
Tour privado por la Galería Borghese en Roma,212,Si,No,,,https://www.hellotickets.es/italia/roma/tour-privado-galeria-borghese/a/pa-10580,2024-10-19 21:07:03.018222
Tour guiado de fantasmas y crímenes de Roma,25,Si,Cancelación gratuita,,,https://www.hellotickets.es/italia/roma/tour-guiado-fantasmas-crimenes/a/pa-10704,2024-10-19 21:07:03.018222
Excursión a una bodega de Castel Gandolfo desde Roma,239,Si,Cancelación gratuita,,,https://www.hellotickets.es/italia/roma/excursion-bodega-castel-gandolfo/a/pa-10678,2024-10-19 21:07:03.018222
Tour privado a los Museos Capitolinos de Roma,183,Si,Cancelación gratuita,,,https://www.hellotickets.es/italia/roma/tour-privado-museos-capitolinos/a/pa-10617,2024-10-19 21:07:03.018222
Entradas para un concierto de ópera italiana en Roma,39,Si,Cancelación gratuita,,,https://www.hellotickets.es/italia/roma/entradas-concierto-opera-italiana/a/pa-10591,2024-10-19 21:07:03.018222
Excursión privada de día completo a Capri desde Roma,921,Si,Cancelación gratuita,,,https://www.hellotickets.es/italia/roma/excursion-privada-capri-dia-completo/a/pa-10568,2024-10-19 21:07:03.018222
Excursión a Positano y la Costa Amalfitana desde Roma,238,,Cancelación gratuita,4.8,861,https://www.hellotickets.es/italia/roma/excursion-positano-costa-amalfitana-desde-roma/a/pa-181,2024-10-19 21:07:03.018222
Experiencia privada de búsqueda del tesoro gastronómico por Roma,89,Si,Cancelación gratuita,,,https://www.hellotickets.es/italia/roma/experiencia-privada-busqueda-tesoro-gastronomico/a/pa-10691,2024-10-19 21:07:03.018222
"Tour guiado privado del Circo Máximo, el Foro Romano y el Monte Palatino",277,Si,No,,,https://www.hellotickets.es/italia/roma/tour-guiado-privado-circo-maximo-foro-romano-monte-palatino/a/pa-10665,2024-10-19 21:07:03.018222
Visita con audioguía a la Archibasílica de San Juan de Letrán en Roma,7,Si,No,,,https://www.hellotickets.es/italia/roma/visita-audioguia-archibasilica-san-juan-letran/a/pa-10630,2024-10-19 21:07:03.018222
Tour gastronómico guiado por Trastevere en Roma,84,Si,Cancelación gratuita,,,https://www.hellotickets.es/italia/roma/tour-gastronomico-guiado-trastevere/a/pa-10604,2024-10-19 21:07:03.018222
Excursión guiada a Ostia Antica desde Roma en tren,77,Si,Cancelación gratuita,,,https://www.hellotickets.es/italia/roma/excursion-guiada-ostia-antica-tren/a/pa-10581,2024-10-19 21:07:03.018222
Tour guiado en carrito de golf por Roma,183,Si,Cancelación gratuita,,,https://www.hellotickets.es/italia/roma/tour-guiado-carrito-golf/a/pa-10705,2024-10-19 21:07:03.018222
Tour privado de bodegas en Roma,438,Si,Cancelación gratuita,,,https://www.hellotickets.es/italia/roma/tour-privado-bodegas/a/pa-10679,2024-10-19 21:07:03.018222
Excursión privada a Frascati desde Roma con cata de vino,178,Si,Cancelación gratuita,,,https://www.hellotickets.es/italia/roma/excursion-privada-frascati-cata-vino/a/pa-10653,2024-10-19 21:07:03.018222
Visita temática privada de Percy Jackson a los Museos Capitolinos de Roma para niños,219,Si,Cancelación gratuita,,,https://www.hellotickets.es/italia/roma/visita-tematica-privada-percy-jackson-museos-capitolinos-ninos/a/pa-10618,2024-10-19 21:07:03.018222
Tour de las catacumbas de Roma y la Vía Apia en carrito de golf,96,Si,Cancelación gratuita,,,https://www.hellotickets.es/italia/roma/tour-catacumbas-via-apia-carrito-golf/a/pa-10592,2024-10-19 21:07:03.018222
Excursión de día completo a Capri desde Roma,656,Si,No,,,https://www.hellotickets.es/italia/roma/excursion-capri-dia-completo/a/pa-10569,2024-10-19 21:07:03.018222
Tour nocturno en Segway por Roma,141,,Cancelación gratuita,4.7,1295,https://www.hellotickets.es/italia/roma/tour-nocturno-segway/a/pa-200,2024-10-19 21:07:03.018222
Tour gastronómico por Roma,111,,Cancelación gratuita,4.5,1328,https://www.hellotickets.es/italia/roma/tour-gastronomico/a/pa-273,2024-10-19 21:07:03.018222
Tour gastronómico de comida callejera por Roma,48,,Cancelación gratuita,4,489,https://www.hellotickets.es/italia/roma/tour-gastronomico-comida-callejera/a/pa-258,2024-10-19 21:07:03.018222
Visita guiada por las catacumbas de Roma con transporte incluido,52,,Cancelación gratuita,4.7,1422,https://www.hellotickets.es/italia/roma/visita-guiada-catacumbas-con-transporte/a/pa-185,2024-10-19 21:07:03.018222
Tour en Segway por Trastevere,93,Si,Cancelación gratuita,4.6,991,https://www.hellotickets.es/italia/roma/tour-trastevere-segway/a/pa-231,2024-10-19 21:07:03.018222
Tour de la Vía Apia y las catacumbas de Roma en bicicleta eléctrica,83,Si,Cancelación gratuita,,,https://www.hellotickets.es/italia/roma/tour-via-apia-catacumbas-bicicleta-electrica/a/pa-10692,2024-10-19 21:07:03.018222
Tour privado a las termas de Caracalla y el Circo Máximo en Roma para niños,210,Si,Cancelación gratuita,,,https://www.hellotickets.es/italia/roma/tour-privado-termas-caracalla-circo-maximo-ninos/a/pa-10666,2024-10-19 21:07:03.018222
Tour en sidecar Vespa por Roma,126,Si,Cancelación gratuita,,,https://www.hellotickets.es/italia/roma/tour-sidecar-vespa/a/pa-10631,2024-10-19 21:07:03.018222
Excursión a Pompeya y Nápoles desde Roma en tren de alta velocidad,218,Si,Cancelación gratuita,,,https://www.hellotickets.es/italia/roma/excursion-pompeya-napoles-tren-alta-velocidad/a/pa-10605,2024-10-19 21:07:03.018222
Excursión privada a Ostia Antica desde Roma,239,Si,Cancelación gratuita,,,https://www.hellotickets.es/italia/roma/excursion-privada-ostia-antica/a/pa-10582,2024-10-19 21:07:03.018222
Tour gastronómico privado de Roma,112,,Cancelación gratuita,4.3,336,https://www.hellotickets.es/italia/roma/tour-gastronomico-privado/a/pa-285,2024-10-19 21:07:03.018222
Visita guiada a las catacumbas y las criptas de Roma,60,Si,No,4.6,1437,https://www.hellotickets.es/italia/roma/visita-guiada-catacumbas-y-criptas/a/pa-223,2024-10-19 21:07:03.018222
Visita guiada al Castillo de Sant'Angelo en Roma,59,Si,Cancelación gratuita,4.7,776,https://www.hellotickets.es/italia/roma/visita-guiada-castillo-sant-angelo/a/pa-263,2024-10-19 21:07:03.018222
Visita guiada a la Cripta y al Museo de los Capuchinos de Roma con concierto coral,75,,Cancelación gratuita,4.7,1295,https://www.hellotickets.es/italia/roma/visita-guiada-cripta-capuchinos-y-museo-con-concierto-coral/a/pa-217,2024-10-19 21:07:03.018222
Tour de Roma con clase de cocina de pizza,88,,No,4.6,753,https://www.hellotickets.es/italia/roma/tour-y-clase-cocina-pizza/a/pa-255,2024-10-19 21:07:03.018222
Tour de fuentes y plazas de Roma,38,Si,Cancelación gratuita,4.6,752,https://www.hellotickets.es/italia/roma/tour-fuentes-y-plazas/a/pa-286,2024-10-19 21:07:03.018222
Tour en carrito de golf por la Roma Imperial,126,Si,Cancelación gratuita,4.2,1005,https://www.hellotickets.es/italia/roma/tour-roma-imperial-carrito-de-golf/a/pa-267,2024-10-19 21:07:03.018222
Tour en Segway por la Antigua Roma,48,Si,Cancelación gratuita,4.2,856,https://www.hellotickets.es/italia/roma/tour-antigua-roma-segway/a/pa-229,2024-10-19 21:07:03.018222
Entradas para concierto de ópera en Roma,36,,Cancelación gratuita,,,https://www.hellotickets.es/italia/roma/entradas-concierto-opera/a/pa-1378,2024-10-19 21:07:03.018222
Entradas para concierto de ópera en el Palacio Santa Chiara de Roma,44,,Cancelación gratuita,4.4,553,https://www.hellotickets.es/italia/roma/entradas-concierto-opera-palacio-santa-chiara/a/pa-244,2024-10-19 21:07:03.018222
"Tour gastronómico por Trastevere, Campo dei Fori y gueto judío",100,,Cancelación gratuita,4.8,1144,https://www.hellotickets.es/italia/roma/tour-gastronomico-trastevere-campo-fiori-y-gueto-judio/a/pa-251,2024-10-19 21:07:03.018222
Traslado privado a Villa Adriana y a Villa del Este desde Roma,144,Si,Cancelación gratuita,,,https://www.hellotickets.es/italia/roma/traslado-privado-villa-adriana-villa-este/a/pa-10706,2024-10-19 21:07:03.018222
Tour guiado privado a Frascati desde Roma con cata de vino,183,Si,Cancelación gratuita,,,https://www.hellotickets.es/italia/roma/tour-guiado-privado-frascati-cata-vino/a/pa-10680,2024-10-19 21:07:03.018222
Tour privado en bicicleta eléctrica por la región de Castelli Romani,99,Si,Cancelación gratuita,,,https://www.hellotickets.es/italia/roma/tour-privado-bicicleta-electrica-castelli-romani/a/pa-10654,2024-10-19 21:07:03.018222
Excursión a Florencia desde Roma en tren de alta velocidad,194,Si,Cancelación gratuita,,,https://www.hellotickets.es/italia/roma/excursion-florencia-tren-alta-velocidad/a/pa-10619,2024-10-19 21:07:03.018222
Visita guiada privada por la Vía Apia y las catacumbas de Roma,176,Si,Cancelación gratuita,,,https://www.hellotickets.es/italia/roma/visita-guiada-privada-via-apia-catacumbas/a/pa-10593,2024-10-19 21:07:03.018222
Visita guiada exprés al Panteón de Roma,37,Si,Cancelación gratuita,,,https://www.hellotickets.es/italia/roma/visita-guiada-expres-panteon/a/pa-10570,2024-10-19 21:07:03.018222
Excursión a Frascati desde Roma con cata de vino y comida incluida,105,,Cancelación gratuita,4.7,828,https://www.hellotickets.es/italia/roma/excursion-frascati-desde-roma/a/pa-250,2024-10-19 21:07:03.018222
Tour privado por el gueto judío de Roma,346,,Cancelación gratuita,4.9,830,https://www.hellotickets.es/italia/roma/tour-privado-gueto-judio/a/pa-213,2024-10-19 21:07:03.018222
Tour gastronómico y cata de vino por la Ciudad del Vaticano,172,,Cancelación gratuita,4.5,904,https://www.hellotickets.es/italia/roma/tour-gastronomico-y-cata-vino-vaticano/a/pa-269,2024-10-19 21:07:03.018222
Tour de Roma con audioguía en APP para tu móvil,10,,No,4.3,1009,https://www.hellotickets.es/italia/roma/tour-con-audioguia-en-aplicacion-movil/a/pa-176,2024-10-19 21:07:03.018222
Tour de Roma en Vespa,116,,Cancelación gratuita,4.7,786,https://www.hellotickets.es/italia/roma/tour-en-vespa/a/pa-182,2024-10-19 21:07:03.018222
Visita guiada privada por las catacumbas y la Via Apia de Roma,512,,No,4.9,638,https://www.hellotickets.es/italia/roma/visita-guiada-privada-catacumbas-y-via-apia/a/pa-243,2024-10-19 21:07:03.018222
Tour por Trastevere y el gueto judío,59,,Cancelación gratuita,4.7,759,https://www.hellotickets.es/italia/roma/tour-trastevere-y-gueto-judio/a/pa-198,2024-10-19 21:07:03.018222
Tour en bicicleta eléctrica por Roma en grupo pequeño,77,,Cancelación gratuita,4.3,874,https://www.hellotickets.es/italia/roma/tour-bicicleta-electrica/a/pa-268,2024-10-19 21:07:03.018222
Entradas para concierto de ópera al aire libre en Roma,138,Si,Cancelación gratuita,4.4,555,https://www.hellotickets.es/italia/roma/entradas-concierto-opera-aire-libre/a/pa-241,2024-10-19 21:07:03.018222
Tour de Roma desde el puerto de Civitavecchia,124,,Cancelación gratuita,4.6,1118,https://www.hellotickets.es/italia/roma/tour-roma-desde-puerto-civitavecchia/a/pa-210,2024-10-19 21:07:03.018222
Alquiler de Vespa en Roma,69,,Cancelación gratuita,4.3,1040,https://www.hellotickets.es/italia/roma/alquiler-vespa/a/pa-178,2024-10-19 21:07:03.018222
Visita guiada a las catacumbas y basílicas de Roma,79,Si,No,4.5,753,https://www.hellotickets.es/italia/roma/visita-guiada-basilicas-cristianas-y-catacumbas/a/pa-152,2024-10-19 21:07:03.018222
Tour en bicicleta eléctrica por la Roma oculta con comida callejera,69,,Cancelación gratuita,4.7,1328,https://www.hellotickets.es/italia/roma/tour-bicicleta-electrica-con-comida-callejera/a/pa-276,2024-10-19 21:07:03.018222
Visita guiada al Panteón de Roma,32,Si,Cancelación gratuita,4.5,688,https://www.hellotickets.es/italia/roma/visita-guiada-panteon/a/pa-242,2024-10-19 21:07:03.018222
Tour de fantasmas y leyendas de Roma,28,Si,Cancelación gratuita,4.4,574,https://www.hellotickets.es/italia/roma/tour-fantasmas/a/pa-215,2024-10-19 21:07:03.018222
Visita guiada por las termas de Caracalla y el Circo Máximo,63,,Cancelación gratuita,4.5,1227,https://www.hellotickets.es/italia/roma/visita-guiada-termas-caracalla-circo-maximo/a/pa-208,2024-10-19 21:07:03.018222
Tour privado por Ostia Antica,152,Si,Cancelación gratuita,4.6,1343,https://www.hellotickets.es/italia/roma/tour-privado-ostia-antica/a/pa-155,2024-10-19 21:07:03.018222
Tour privado de Roma,116,,Cancelación gratuita,4.5,462,https://www.hellotickets.es/italia/roma/tour-privado-roma/a/pa-234,2024-10-19 21:07:03.018222
Tour nocturno de Roma en Vespa,176,,Cancelación gratuita,4.7,485,https://www.hellotickets.es/italia/roma/tour-nocturno-en-vespa/a/pa-164,2024-10-19 21:07:03.018222
Entradas sin colas para el Castillo de Sant'Angelo en Roma con billete de bus opcional,25,Si,No,,,https://www.hellotickets.es/italia/roma/entradas-castillo-sant-angelo-sin-colas-billete-bus-opcional/a/pa-10711,2024-10-19 21:07:03.018222
Entradas sin colas para el Panteón de Roma,13,Si,Cancelación gratuita,,,https://www.hellotickets.es/italia/roma/entradas-panteon-sin-colas/a/pa-10710,2024-10-19 21:07:03.018222
Entrada reservada para el Coliseo,32,,No,,,https://www.hellotickets.es/italia/roma/entrada-reservada-coliseo/a/pa-9186,2024-10-19 21:07:03.018222
Entradas para la audiencia papal,36,Si,Cancelación gratuita,4.3,1006,https://www.hellotickets.es/italia/roma/entradas-audiencia-papal-y-tour-autobus/a/pa-264,2024-10-19 21:07:03.018222
